Parameter,B767-300ER,B777-300,B737,A320-212,A319-131
Max Landing Weight (tons),0.145150E+03,0.237680E+03,0.51710E+02,0.64500E+02,0.61000E+02
Max Weight (tons),0.20410E+03,0.29930E+03,0.70800E+02,0.77000E+02,0.70000E+02
Max. Payload (tons),0.46500E+02,0.64900E+02,0.16920E+02,0.21500E+02,0.17000E+02
S (m2),0.28350E+03,0.42804E+03,0.12465E+03,0.12260E+03,0.12260E+03
CD0_app,0.14000E-01,0.17300E-01,0.27000E-01,0.24200E-01,0.28400E-01
CD2_app,0.49000E-01,0.48400E-01,0.44100E-01,0.46900E-01,0.37600E-01
CD0_clean,0.17400E-01,0.15700E-01,0.23500E-01,0.24000E-01,0.28000E-01
CD2_clean,0.45900E-01,0.42000E-01,0.44500E-01,0.37500E-01,0.31000E-01
hp_desc (ft),26418,36122,30152,12398,27726
CT_Desc_high,0.64359E-01,0.44239E-01,0.36336E-01,0.45711E-01,0.83084E-01
CT_Desc_low,0.55988E-01,0.41065E-01,0.53395E-01,0.27207E-01,0.51765E-01
CT_Desc_app,0.12475E+00,0.92921E-01,0.16440E+00,0.13981E+00,0.14767E+00
CT1 (N),0.35167E+06,0.42577E+06,0.14573E+06,0.13605E+06,0.13900E+06
CT2 (ft),0.44673E+05,0.48987E+05,0.55638E+05,0.52238E+05,0.58900E+05
CT3 (1/ft2),0.10129E-09,0.66146E-10,0.14200E-10,0.26637E-10,0.57200E-14
CF1 (kg/(min*kN)),0.54005E+00,0.87843E+00,0.94680E+00,0.94000E+00,0.68800E+00
CF2 (kt),0.55782E+03,0.36897E+04,0.10000E+15,0.10000E+06,0.16700E+04
